Workbook

Sheet Clients
A1: id_client | B1: nom | C1: prenom | D1: ville | E1: pays | F1: date_naissance | G1: segment
A2: C001 | B2: Martin | C2: Claire | D2: Lyon | E2: France | F2: 28592 | G2: Particulier
A3: C002 | B3: Weber | C3: Lukas | D3: Luxembourg | E3: Luxembourg | F3: 31293 | G3: Particulier
A4: C003 | B4: Rossi | C4: Giulia | D4: Genève | E4: Suisse | F4: 25230 | G4: Patrimonial
A5: C004 | B5: Bernard | C5: Hugo | D5: Nantes | E5: France | F5: 33773 | G5: Particulier
A6: C005 | B6: Taylor | C6: Emma | D6: Londres | E6: Royaume-Uni | F6: 27338 | G6: Patrimonial
A7: C006 | B7: Dupont | C7: Sarah | D7: Bordeaux | E7: France | F7: 32182 | G7: Professionnel

Sheet Contrats
A1: id_contrat | B1: id_client | C1: produit | D1: date_effet | E1: devise | F1: prime_annuelle | G1: capital_assure
A2: K101 | B2: C001 | C2: Habitation | D2: 44986 | E2: EUR | F2: 420 | G2: 250000
A3: K102 | B3: C002 | C3: Épargne en euros | D3: 43480 | E3: EUR | F3: 2400 | G3: 85000
A4: K103 | B4: C003 | C4: Assurance vie en unités de compte | D4: 44378 | E4: CHF | F4: 12000 | G4: 640000
A5: K104 | B5: C004 | C5: Automobile | D5: 45555 | E5: EUR | F5: 610 | G5: 30000
A6: K105 | B6: C005 | C6: Prévoyance | D6: 43961 | E6: GBP | F6: 1800 | G6: 400000
A7: K106 | B7: C006 | C7: Responsabilité civile professionnelle | D7: 44562 | E7: EUR | F7: 1350 | G7: 1500000

Sheet Devises
A1: devise | B1: libelle | C1: taux_vers_eur | D1: date_cours
A2: EUR | B2: Euro | C2: 1 | D2: 46022
A3: CHF | B3: Franc suisse | C3: 1.06 | D3: 46022
A4: GBP | B4: Livre sterling | C4: 1.17 | D4: 46022
A5: USD | B5: Dollar américain | C5: 0.92 | D5: 46022

Sheet Liaison
A1: cle_client | B1: nom | C1: prenom | D1: ville | E1: pays | F1: date_naissance | G1: segment | H1: id_contrat | I1: produit | J1: date_effet | K1: devise | L1: prime_devise | M1: capital_devise | N1: taux_vers_eur | O1: prime_eur | P1: capital_eur
A2: C003 | B2: =VLOOKUP($A$2,Clients!$A$2:$G$7,2,FALSE) | C2: =VLOOKUP($A$2,Clients!$A$2:$G$7,3,FALSE) | D2: =VLOOKUP($A$2,Clients!$A$2:$G$7,4,FALSE) | E2: =VLOOKUP($A$2,Clients!$A$2:$G$7,5,FALSE) | F2: =VLOOKUP($A$2,Clients!$A$2:$G$7,6,FALSE) | G2: =VLOOKUP($A$2,Clients!$A$2:$G$7,7,FALSE) | H2: =INDEX(Contrats!$A$2:$A$7,MATCH($A$2,Contrats!$B$2:$B$7,0)) | I2: =VLOOKUP($H$2,Contrats!$A$2:$G$7,3,FALSE) | J2: =VLOOKUP($H$2,Contrats!$A$2:$G$7,4,FALSE) | K2: =VLOOKUP($H$2,Contrats!$A$2:$G$7,5,FALSE) | L2: =VLOOKUP($H$2,Contrats!$A$2:$G$7,6,FALSE) | M2: =VLOOKUP($H$2,Contrats!$A$2:$G$7,7,FALSE) | N2: =VLOOKUP($K$2,Devises!$A$2:$D$5,3,FALSE) | O2: =L2*N2 | P2: =M2*N2
A4: La clé se change en A2 (liste des clients). Chaque cellule de la ligne 2 est une recherche dans une table.

Sheet Calcul
B2: Calcul : la prime chargée, en euros
B3: Une fonction : des entrées déclarées, des étapes qui lisent la précédente, une sortie.
B5: Entrées
B6: cle_client | D6: =Liaison!$A$2 | E6: la clé, depuis Liaison
B7: prime_devise | D7: =Liaison!$L$2 | E7: la prime du contrat, depuis Liaison
B8: devise | D8: =Liaison!$K$2 | E8: la devise du contrat, depuis Liaison
B9: taux_chargement | D9: 0.12 | E9: paramètre du calcul, à saisir
B11: Étapes
B12: 1. Récupérer le cours de la devise | D12: =VLOOKUP($D$8,Devises!$A$2:$D$5,3,FALSE) | E12: RECHERCHEV dans l'onglet Devises
B13: ▼
B14: 2. Convertir la prime en euros | D14: =D7*D12 | E14: prime_devise × cours
B15: ▼
B16: 3. Calculer le chargement | D16: =D14*D9 | E16: prime en euros × taux_chargement
B17: ▼
B18: 4. Ajouter le chargement | D18: =D14+D16 | E18: prime en euros + chargement
B20: Sortie
B21: prime_chargee_eur | D21: =D18 | E21: lue par l'onglet Écran, notée au Journal des calculs

Sheet Écran
B2: Fiche client
B3: ="Client "&Liaison!$A$2&", contrat "&Liaison!$H$2
B5: Client
B6: Nom | D6: =Liaison!$C$2&" "&Liaison!$B$2
B7: Ville | D7: =Liaison!$D$2&", "&Liaison!$E$2
B8: Date de naissance | D8: =Liaison!$F$2
B9: Segment | D9: =Liaison!$G$2
B11: Contrat
B12: Produit | D12: =Liaison!$I$2
B13: Date d'effet | D13: =Liaison!$J$2
B14: Devise | D14: =Liaison!$K$2
B15: Prime annuelle, en devise | D15: =Liaison!$L$2
B16: Prime annuelle, en euros | D16: =Liaison!$O$2
B17: Capital assuré, en euros | D17: =Liaison!$P$2
B18: Prime chargée, en euros | D18: =Calcul!$D$21
B20: Chaque valeur de cet écran pointe vers une cellule de l'onglet Liaison, et la prime chargée vers la sortie de l'onglet Calcul ; pour changer de client, changez la clé en Liaison!A2. Données et cours de change fictifs.

Sheet Journal des calculs
A1: id_calcul | B1: date_calcul | C1: cle_client | D1: id_contrat | E1: devise | F1: prime_devise | G1: taux_vers_eur | H1: taux_chargement | I1: prime_chargee_eur
A2: J001 | B2: 46314 | C2: C001 | D2: K101 | E2: EUR | F2: 420 | G2: 1 | H2: 0.12 | I2: 470.4
A3: J002 | B3: 46314 | C3: C002 | D3: K102 | E3: EUR | F3: 2400 | G3: 1 | H3: 0.12 | I3: 2688
A4: J003 | B4: 46314 | C4: C003 | D4: K103 | E4: CHF | F4: 12000 | G4: 1.06 | H4: 0.12 | I4: 14246.4
A5: J004 | B5: 46314 | C5: C004 | D5: K104 | E5: EUR | F5: 610 | G5: 1 | H5: 0.12 | I5: 683.2
A6: J005 | B6: 46314 | C6: C005 | D6: K105 | E6: GBP | F6: 1800 | G6: 1.17 | H6: 0.12 | I6: 2358.72
A7: J006 | B7: 46314 | C7: C006 | D7: K106 | E7: EUR | F7: 1350 | G7: 1 | H7: 0.12 | I7: 1512

Sheet Jeux d'entrée
A1: id_jeu | B1: nom | C1: taux_chargement | D1: cours_chf | E1: cours_gbp | F1: cours_usd | G1: ce_qui_change
A2: JE01 | B2: Référence 2025 | C2: 0.12 | D2: 1.06 | E2: 1.17 | F2: 0.92 | G2: Référence : cours du 31/12/2025, chargement 12 %
A3: JE02 | B3: Chargement 14 % | C3: 0.14 | D3: 1.06 | E3: 1.17 | F3: 0.92 | G3: Le chargement passe à 14 %
A4: JE03 | B4: Livre à 1,12 | C4: 0.12 | D4: 1.06 | E4: 1.12 | F4: 0.92 | G4: La livre baisse à 1,12
A5: JE04 | B5: Chargement 14 %, livre à 1,12 | C5: 0.14 | D5: 1.06 | E5: 1.12 | F5: 0.92 | G5: Les deux changements ensemble

Sheet Résultats
A1: id_jeu | B1: id_contrat | C1: produit | D1: indicateur | E1: valeur
A2: JE01 | B2: K101 | C2: Habitation | D2: prime_chargee_eur | E2: =ROUND(INDEX(Contrats!$F$2:$F$7,MATCH($B2,Contrats!$A$2:$A$7,0))*1*(1+INDEX('Jeux d''entrée'!$C$2:$C$5,MATCH($A2,'Jeux d''entrée'!$A$2:$A$5,0))),2)
A3: JE01 | B3: K102 | C3: Épargne en euros | D3: prime_chargee_eur | E3: =ROUND(INDEX(Contrats!$F$2:$F$7,MATCH($B3,Contrats!$A$2:$A$7,0))*1*(1+INDEX('Jeux d''entrée'!$C$2:$C$5,MATCH($A3,'Jeux d''entrée'!$A$2:$A$5,0))),2)
A4: JE01 | B4: K103 | C4: Assurance vie en unités de compte | D4: prime_chargee_eur | E4: =ROUND(INDEX(Contrats!$F$2:$F$7,MATCH($B4,Contrats!$A$2:$A$7,0))*INDEX('Jeux d''entrée'!$D$2:$D$5,MATCH($A4,'Jeux d''entrée'!$A$2:$A$5,0))*(1+INDEX('Jeux d''entrée'!$C$2:$C$5,MATCH($A4,'Jeux d''entrée'!$A$2:$A$5,0))),2)
A5: JE01 | B5: K104 | C5: Automobile | D5: prime_chargee_eur | E5: =ROUND(INDEX(Contrats!$F$2:$F$7,MATCH($B5,Contrats!$A$2:$A$7,0))*1*(1+INDEX('Jeux d''entrée'!$C$2:$C$5,MATCH($A5,'Jeux d''entrée'!$A$2:$A$5,0))),2)
A6: JE01 | B6: K105 | C6: Prévoyance | D6: prime_chargee_eur | E6: =ROUND(INDEX(Contrats!$F$2:$F$7,MATCH($B6,Contrats!$A$2:$A$7,0))*INDEX('Jeux d''entrée'!$E$2:$E$5,MATCH($A6,'Jeux d''entrée'!$A$2:$A$5,0))*(1+INDEX('Jeux d''entrée'!$C$2:$C$5,MATCH($A6,'Jeux d''entrée'!$A$2:$A$5,0))),2)
A7: JE01 | B7: K106 | C7: Responsabilité civile professionnelle | D7: prime_chargee_eur | E7: =ROUND(INDEX(Contrats!$F$2:$F$7,MATCH($B7,Contrats!$A$2:$A$7,0))*1*(1+INDEX('Jeux d''entrée'!$C$2:$C$5,MATCH($A7,'Jeux d''entrée'!$A$2:$A$5,0))),2)
A8: JE02 | B8: K101 | C8: Habitation | D8: prime_chargee_eur | E8: =ROUND(INDEX(Contrats!$F$2:$F$7,MATCH($B8,Contrats!$A$2:$A$7,0))*1*(1+INDEX('Jeux d''entrée'!$C$2:$C$5,MATCH($A8,'Jeux d''entrée'!$A$2:$A$5,0))),2)
A9: JE02 | B9: K102 | C9: Épargne en euros | D9: prime_chargee_eur | E9: =ROUND(INDEX(Contrats!$F$2:$F$7,MATCH($B9,Contrats!$A$2:$A$7,0))*1*(1+INDEX('Jeux d''entrée'!$C$2:$C$5,MATCH($A9,'Jeux d''entrée'!$A$2:$A$5,0))),2)
A10: JE02 | B10: K103 | C10: Assurance vie en unités de compte | D10: prime_chargee_eur | E10: =ROUND(INDEX(Contrats!$F$2:$F$7,MATCH($B10,Contrats!$A$2:$A$7,0))*INDEX('Jeux d''entrée'!$D$2:$D$5,MATCH($A10,'Jeux d''entrée'!$A$2:$A$5,0))*(1+INDEX('Jeux d''entrée'!$C$2:$C$5,MATCH($A10,'Jeux d''entrée'!$A$2:$A$5,0))),2)
A11: JE02 | B11: K104 | C11: Automobile | D11: prime_chargee_eur | E11: =ROUND(INDEX(Contrats!$F$2:$F$7,MATCH($B11,Contrats!$A$2:$A$7,0))*1*(1+INDEX('Jeux d''entrée'!$C$2:$C$5,MATCH($A11,'Jeux d''entrée'!$A$2:$A$5,0))),2)
A12: JE02 | B12: K105 | C12: Prévoyance | D12: prime_chargee_eur | E12: =ROUND(INDEX(Contrats!$F$2:$F$7,MATCH($B12,Contrats!$A$2:$A$7,0))*INDEX('Jeux d''entrée'!$E$2:$E$5,MATCH($A12,'Jeux d''entrée'!$A$2:$A$5,0))*(1+INDEX('Jeux d''entrée'!$C$2:$C$5,MATCH($A12,'Jeux d''entrée'!$A$2:$A$5,0))),2)
A13: JE02 | B13: K106 | C13: Responsabilité civile professionnelle | D13: prime_chargee_eur | E13: =ROUND(INDEX(Contrats!$F$2:$F$7,MATCH($B13,Contrats!$A$2:$A$7,0))*1*(1+INDEX('Jeux d''entrée'!$C$2:$C$5,MATCH($A13,'Jeux d''entrée'!$A$2:$A$5,0))),2)
A14: JE03 | B14: K101 | C14: Habitation | D14: prime_chargee_eur | E14: =ROUND(INDEX(Contrats!$F$2:$F$7,MATCH($B14,Contrats!$A$2:$A$7,0))*1*(1+INDEX('Jeux d''entrée'!$C$2:$C$5,MATCH($A14,'Jeux d''entrée'!$A$2:$A$5,0))),2)
A15: JE03 | B15: K102 | C15: Épargne en euros | D15: prime_chargee_eur | E15: =ROUND(INDEX(Contrats!$F$2:$F$7,MATCH($B15,Contrats!$A$2:$A$7,0))*1*(1+INDEX('Jeux d''entrée'!$C$2:$C$5,MATCH($A15,'Jeux d''entrée'!$A$2:$A$5,0))),2)
A16: JE03 | B16: K103 | C16: Assurance vie en unités de compte | D16: prime_chargee_eur | E16: =ROUND(INDEX(Contrats!$F$2:$F$7,MATCH($B16,Contrats!$A$2:$A$7,0))*INDEX('Jeux d''entrée'!$D$2:$D$5,MATCH($A16,'Jeux d''entrée'!$A$2:$A$5,0))*(1+INDEX('Jeux d''entrée'!$C$2:$C$5,MATCH($A16,'Jeux d''entrée'!$A$2:$A$5,0))),2)
A17: JE03 | B17: K104 | C17: Automobile | D17: prime_chargee_eur | E17: =ROUND(INDEX(Contrats!$F$2:$F$7,MATCH($B17,Contrats!$A$2:$A$7,0))*1*(1+INDEX('Jeux d''entrée'!$C$2:$C$5,MATCH($A17,'Jeux d''entrée'!$A$2:$A$5,0))),2)
A18: JE03 | B18: K105 | C18: Prévoyance | D18: prime_chargee_eur | E18: =ROUND(INDEX(Contrats!$F$2:$F$7,MATCH($B18,Contrats!$A$2:$A$7,0))*INDEX('Jeux d''entrée'!$E$2:$E$5,MATCH($A18,'Jeux d''entrée'!$A$2:$A$5,0))*(1+INDEX('Jeux d''entrée'!$C$2:$C$5,MATCH($A18,'Jeux d''entrée'!$A$2:$A$5,0))),2)
A19: JE03 | B19: K106 | C19: Responsabilité civile professionnelle | D19: prime_chargee_eur | E19: =ROUND(INDEX(Contrats!$F$2:$F$7,MATCH($B19,Contrats!$A$2:$A$7,0))*1*(1+INDEX('Jeux d''entrée'!$C$2:$C$5,MATCH($A19,'Jeux d''entrée'!$A$2:$A$5,0))),2)
A20: JE04 | B20: K101 | C20: Habitation | D20: prime_chargee_eur | E20: =ROUND(INDEX(Contrats!$F$2:$F$7,MATCH($B20,Contrats!$A$2:$A$7,0))*1*(1+INDEX('Jeux d''entrée'!$C$2:$C$5,MATCH($A20,'Jeux d''entrée'!$A$2:$A$5,0))),2)
A21: JE04 | B21: K102 | C21: Épargne en euros | D21: prime_chargee_eur | E21: =ROUND(INDEX(Contrats!$F$2:$F$7,MATCH($B21,Contrats!$A$2:$A$7,0))*1*(1+INDEX('Jeux d''entrée'!$C$2:$C$5,MATCH($A21,'Jeux d''entrée'!$A$2:$A$5,0))),2)
A22: JE04 | B22: K103 | C22: Assurance vie en unités de compte | D22: prime_chargee_eur | E22: =ROUND(INDEX(Contrats!$F$2:$F$7,MATCH($B22,Contrats!$A$2:$A$7,0))*INDEX('Jeux d''entrée'!$D$2:$D$5,MATCH($A22,'Jeux d''entrée'!$A$2:$A$5,0))*(1+INDEX('Jeux d''entrée'!$C$2:$C$5,MATCH($A22,'Jeux d''entrée'!$A$2:$A$5,0))),2)
A23: JE04 | B23: K104 | C23: Automobile | D23: prime_chargee_eur | E23: =ROUND(INDEX(Contrats!$F$2:$F$7,MATCH($B23,Contrats!$A$2:$A$7,0))*1*(1+INDEX('Jeux d''entrée'!$C$2:$C$5,MATCH($A23,'Jeux d''entrée'!$A$2:$A$5,0))),2)
A24: JE04 | B24: K105 | C24: Prévoyance | D24: prime_chargee_eur | E24: =ROUND(INDEX(Contrats!$F$2:$F$7,MATCH($B24,Contrats!$A$2:$A$7,0))*INDEX('Jeux d''entrée'!$E$2:$E$5,MATCH($A24,'Jeux d''entrée'!$A$2:$A$5,0))*(1+INDEX('Jeux d''entrée'!$C$2:$C$5,MATCH($A24,'Jeux d''entrée'!$A$2:$A$5,0))),2)
A25: JE04 | B25: K106 | C25: Responsabilité civile professionnelle | D25: prime_chargee_eur | E25: =ROUND(INDEX(Contrats!$F$2:$F$7,MATCH($B25,Contrats!$A$2:$A$7,0))*1*(1+INDEX('Jeux d''entrée'!$C$2:$C$5,MATCH($A25,'Jeux d''entrée'!$A$2:$A$5,0))),2)

Sheet Synthèse
A1: id_jeu | B1: nom | C1: prime_chargee_eur_totale | D1: ecart_a_la_reference
A2: ='Jeux d''entrée'!A2 | B2: ='Jeux d''entrée'!B2 | C2: =SUMIFS(Résultats!$E:$E,Résultats!$A:$A,$A2,Résultats!$D:$D,"prime_chargee_eur") | D2: =C2-$C$2
A3: ='Jeux d''entrée'!A3 | B3: ='Jeux d''entrée'!B3 | C3: =SUMIFS(Résultats!$E:$E,Résultats!$A:$A,$A3,Résultats!$D:$D,"prime_chargee_eur") | D3: =C3-$C$2
A4: ='Jeux d''entrée'!A4 | B4: ='Jeux d''entrée'!B4 | C4: =SUMIFS(Résultats!$E:$E,Résultats!$A:$A,$A4,Résultats!$D:$D,"prime_chargee_eur") | D4: =C4-$C$2
A5: ='Jeux d''entrée'!A5 | B5: ='Jeux d''entrée'!B5 | C5: =SUMIFS(Résultats!$E:$E,Résultats!$A:$A,$A5,Résultats!$D:$D,"prime_chargee_eur") | D5: =C5-$C$2
